CFU/mL,Sensor2,Sensor1,Sensor3
2880000.0,-36.7,80.43,102.4
288000.0,-53.4,109.723,73.8
28800.0,-60.1,139.061,28.14
2880.0,-62.8,161.443,25.4
800.0,-64.7,164.42,-36.2
160.0,-66.8,164.52,-56.61
60.0,-68.0,164.78,-54.59
20.0,-68.3,165.0,-54.59
1.0,-68.8,166.657,-56.36
1.0,-69.56,167.0,-67.8
